{
  "d11": {
    "minLat": 9.673417,
    "maxLat": 9.673443,
    "minLon": 77.964781,
    "maxLon": 77.964789,
    "polygon": [
      [
        9.673417,
        77.964787
      ],
      [
        9.673437,
        77.964781
      ],
      [
        9.673443,
        77.964789
      ],
      [
        9.67342,
        77.964789
      ]
    ]
  },
  "d12": {
    "minLat": 9.673417,
    "maxLat": 9.673443,
    "minLon": 77.9647702,
    "maxLon": 77.9647782,
    "polygon": [
      [
        9.673417,
        77.9647762
      ],
      [
        9.673437,
        77.9647702
      ],
      [
        9.673443,
        77.9647782
      ],
      [
        9.67342,
        77.9647782
      ]
    ]
  }
}